{"cameraMode":{"drawMode":0,"name":"Shaded","section":"Shading Mode"},"sceneLighting":false,"audioPlay":false,"sceneViewState":{"m_AlwaysRefresh":false,"showFog":true,"showSkybox":false,"showFlares":true,"showImageEffects":true,"showParticleSystems":true,"showVisualEffectGraphs":true,"m_FxEnabled":true},"in2DMode":false,"pivot":{"x":0.7191559672355652,"y":0.8616974949836731,"z":1.3397036790847779},"rotation":{"x":0.02268202230334282,"y":-0.9770482778549194,"z":0.1611853539943695,"w":0.13748274743556977},"size":1.2869962453842164,"orthographic":false}