{"cameraMode":{"drawMode":0,"name":"Shaded","section":"Shading Mode"},"sceneLighting":false,"audioPlay":false,"sceneViewState":{"m_AlwaysRefresh":false,"showFog":true,"showSkybox":true,"showFlares":true,"showImageEffects":true,"showParticleSystems":true,"showVisualEffectGraphs":true,"m_FxEnabled":true},"in2DMode":false,"pivot":{"x":-0.4954507648944855,"y":-2.3758788108825685,"z":7.078147888183594},"rotation":{"x":0.23794236779212953,"y":-0.020430099219083787,"z":0.004999183584004641,"w":0.9710535407066345},"size":4.633213996887207,"orthographic":false}